Company Name,Year Established,No. of employees,Address,Contact Info
shiftingsolutions.in,2016,10,"Vaishali, Ghaziabad, U.P. : 201010, Uttar pradesh",Rajeev Kumar
Jaipur,2018,1995,"Jaipur, Rajasthan",Jaipur
XYZ,2012,500,"Delhi, Delhi",vikas
Ameyaa Yaatra,2017,25,"137 Gayathri complex, Shop No:B3, Trunk road, Kumananchavadi, Poonamallee, Chennai - 600056, Tamil Nadu",Ameyaa yaatra
Assure Trips,2018,25,"Kh No. 725/4 2nd Floor, Extended Lal Doora, Tomer Colony Burari North Delhi, Delhi",Assuretrips
HAPPY CABZ,2016,3,"DILIP HOUSE 2nd FLOOR HATKESHWAR -CTM ROAD MANINAGAR, GUJARAT",KISHAN PANCHAL
Manutha,2006,10,"Address – 324/1 2Nd Floor D Subbaiah Road Chamaraja Mohalla Mysuru, Karnataka 570024    +91 9972366694, Karnataka",manutha
Sky Candy High Adventure,2004,15,"Village Kotli, Bir Billing Road, Himachal Pradesh",Manjeet Kumar
Trinetra Tours India Pvt Ltd,2005,50,"607, Ansals Majestic Towers, Vikas Puri, New Delhi, New Delhi, Delhi",Mr Tapas Banerjee
Educational Travel with Happymiles,2006,50,"1003, 10thFloor, Technocity IT Business Park, Mhape, Ghansoli, Maharashtra",Mark
Namdev Yatra,2001,100,"Chitra Cinema Wali Gali, Haridwar 249407, uttrakhand",Sunil Kumar
Chennai Balaji Travels,2004,15,"No: 21/3, Srihari Apartments, Vanniar St,  Choolaimedu,, Tamil Nadu",Sathishn
Chawla Travels Rishikesh,1999,100,"1-Ghat Road Chowk, Rishikeshom, Uttarakhand",Ashu Chawla
Air Organisers,2017,10000,"Aggarwal Cyber Plaza 2, 580, Fifth Floor, NSP, Delhi",Shivam
Chardham Darshan,1980,100,"Lane No. 3 Haripur Kalan Via Raiwala, Uttarakhand",Prakash Chandra
Saba Tours and Travels,1996,15,"Next to Welcome Hall, Kondhwa Khurd., maharashtra",sameer shaikh
Prime Adventure Tour,2013,20,"Hotel Mansingh,Sansar Chand Road, Rajasthan",Pramod Sharma
Shirdi Sai Holidays,2015,5,"75, 11th Cross,, West of Chord Road,, Mahalakshmipuram, Karnataka",Venkat
Sea Water Sports,2006,20,"18 & 19 - A, Parshwa Giriraj C.H.S,Harishankar Joshi Road, Near Devraj Mall,Dahisar (East), Mumbai,, Indiana",Jignesh Kolwalkar
India Best Travel Agent in Haridwar,2007,100,"Aananda House-29 B, lane No.2, Khanna Nagar,Jwalapur, Haridwar (Uttarakhand), Uttarakhand",Anjeet Kumar
Times Quest Services Pvt Ltd,2013,20,"D-9, Ist Floor, Street-No.25, Madhu Vihar, I.P.Extension, New Delhi, delhi",09821385140
Champions Yacht Club,2004,200,"Champions Island, Divar, Tiswadi Taluka Goa, Goa",Champions Yacht Club
Mysore Devi Travels,2007,3,"Mysore, Karnataka, India, Karnataka",Mysore Devi Travels
Siddeshwara Travels- Car Rentals in Bangalore,1998,50,"#32, 3rd Cross, 3rd Main, Sukhsagar Cross Road, Kammanahalli, Karnataka",Siddeshwara Nandisha. S
Sharp Holidays,1985,100,"111-113, Somdutt Chambers-II Bhikaji Cama Place - New Delhi - 110066, Delhi",Anubhav Gupta
Bali Tour Packages from India,2015,5,"Plot No- 37 Office No - 03 Bellow United Bank Of India Near Kaushambi Metro Station Near Ghaziabad, 110018",Hemant Bhasin
Ez Charters,2007,50,"C-13, Panchsheel Enclave, South delhi, Delhi",Ashish Jaiswal
Peer Voyages Agra India,2010,5,"Agra, Alaska",sunil
Chal Uttaranchal,2013,5,"1st Floor, Banjarawala Chowk, Near Durga Mata Mandir, Uttarakhand",Raman
Maharajas Express,2015,50,"Maharajas Express, 17A/46, First Floor, WEA, Karol Bagh, New Delhi-110005, (India), Delhi",Maharaja Train
traveloes,2016,200,"205 Van Buren St #140, Herndon, VA 20170, USA, Virginia",Vivek SIngh
Jas Tours And Travels,2012,6,"209/210 A WING,  Siddharth Excellence OPP D-MART Vasana, Road Vadodara, Gujarat",Anil Bhagchandani
Ajanta Travels,1980,100,"Haridwar Road, Opp.Taxi Stand Rishikesh (Uttarakand) PIN-249201, Uttarakhand",Abhishek Kukreja
Rajeev Tour and Travels,1997,15,"3055, ssa road Dariya Ganj, Delhi",Rajeev
Sangeeta Travels,2015,1,"112 Ballabh Bari Gumanpura Kota, Rajasthan",Nikhar Saraswat
Balaka Tours and Travels,2015,50,"BD-39, Neelkamal Super Market, Rabindrapally, Kestopur, Kolkata-700101, West Bengal",Indraneel Saha
Nath Krupa Travels Pune,2008,15,"Old Kharadi Mundhwa Rd, Ganesh Nagar,  Vadgaon Sheri, Maharashtra",Prabhakar
journey cart holidays India. pvt ltd,2011,10,"33/15,Prashant Building,Opp Garware College,Karve Road,Pune 411004, Maharashtra",ashish lagate
BTW visa services (India) pvt ltd,2011,10,"282, Khandke Building, Office No. 21, 2nd floor, Shahid Bhagat Singh Road,Fort Market,Near Sher-e-Punjab Hotel, Mumbai- 400 001, Maharashtra",pramod kondkar
Hire Taxi Service in Pathankot – Dhauladhar Travels,2000,30,"Malikpur Chowk, Pathankot, Punjab > Other areas",Mukesh Kumar
Dehradun To Delhi Taxi,1985,4,"isbt dehradun, Uttaranchal > Dehradun",8433249527
travelsinbanglore,2000,10,"# 174,Hongasandra Mico Layout Behind Matha,School and near Water tank, Bengaluru, Karnataka 560068, Karnataka",pradeep
pawanhans,2016,50,"pawanhans, Delhi",pawanhans
Small World Tourism,2007,50,"Scottish Mall Unit No SF - 05, Sector 48 Sohna Road Gurgaon - 122001, Gurgaon",Small World Tourism
My Kerala Trip,2009,25,"Rasheed Towers, Pallimukku, Kerala",Manu
Deviii travel,2017,4,"#713/A, Shop no 1,3rd main 5th cross Kesare,  R.S Naidunagar , Mysuru-07, Karnataka",pradeep
Travel Suvidha,2016,50,"S-8, Dwarika Appartment,Central Spine, Vidhyadhar Nagar, Rajasthan",Abhishek
Aananda Holidays,2011,50,"Aananda House-29 B, lane No.2, Khanna Nagar,Jwalapur, Haridwar., Uttrakhand",Anjeet Kumar
Tigris Trail,2012,17,"Tigristrail Domestic Package ToursRamnagar Road, Near Govt. Hospital Kashipur, Distt U.S. Nagar, Uttarakhand, uttarakhand",Amit arora
Devi itravel,2017,4,"#713/A, Shop no 1,3rd main 5th cross Kesare,  R.S Naidunagar , Mysuru-07, Karnataka",pradeep
My Travel Centra in Lucknow,2017,10,"3 ,  1st  Floor  , SHARAN CHAMBER-1 , PARK ROAD ,HAZRATGANJ , LUCKNOW, Uttar Pradesh",arif
Deviiitravel,2017,4,"#713/A, Shop no 1,3rd main 5th cross Kesare,  R.S Naidunagar , Mysuru-07, Karnataka",pradeep
deviitravel,2017,4,"#713/A, Shop no 1,3rd main 5th cross Kesare,  R.S Naidunagar , Mysuru-07, karnataka",pradeep
traveldevi,2017,4,"#713/A, Shop no 1,3rd main 5th cross Kesare,  R.S Naidunagar , Mysuru-07, Karnataka",devitravel
devi,2015,4,"#713/A, Shop no 1,3rd main 5th cross Kesare,  R.S Naidunagar , Mysuru-07, Karnataka",pradeep
Kashmir Alpine Trek,1981,6,"Abi Guzar Rd, Press Colony, jammu and kashmir",Waseem
Devitravel,2015,4,"#713/A, Shop no 1,3rd main 5th cross Kesare,  R.S Naidunagar , Mysuru-07, karnataka",pradeep
Airocity Holidays,2016,50,"Office No. 208-209 Sikka Tower 9 Commercial Complex, Preet Vihar, New Delhi, Delhi",Airocity Holidays
Himalayan Asia Treks and Expedition P. Ltd.,2004,15,"Thamel Marg, Kathmandu, Nepal, Bagmati",Amrit Chhetri
epilgrim,2013,20,"69/6A 2nd Floor,Behind CP65 Banquet Hall Kitri Nagar Metro Piller 284, DELHI",edwin asuja
Roamingroutes,2015,456,"Real V3 Apartment, Jagatpura, Rajasthan",Anurag Khotari
Devi travel,2017,4,"#713/A, Shop no 1,3rd main 5th cross Kesare,  R.S Naidunagar , Mysuru-07, karnataka",pradeep
Airtickets India Pvt Ltd,2011,100,"C-101, Sector-2, Noida, Uttar Predesh",Cheapticket
Yuva Trip,2012,50,"Plot No. 64, 2nd Floor,, Patparganj Industrial Area,, New Delhi",Yuva Trip
Shreeraj Logistic,2008,10,"Shreeraj Logistic,201,Kalash-1, B/h,Navarangpura Post Office, Gujarat",Vivek Shah
car rental in udaipur,2014,3,"34 ssvina udaipur, rsjasthan",naeem khan
The Traveller Holidays,2017,10,"12, Bansipuri 1st, Jagatpura, Rajasthan",Dinesh Kumar
Jolly Day Tours,2010,10,"AP, East Godavari",Mangesh Kumar
EZI Drive,2009,500,"No 49, Ground floor,5th cross,  Ramanjeneya Layout, Marathahalli, Bangalore",Ram
IndoPacificHolidays,2014,20,"301, R.G Complex, Sector 5, New Delhi",Jainendra Singh
My Travel Centra,2016,10,"Fortune Square, Vapi Daman Road, Industrial Estate, Vapi - 396195, http://www.mytravelcentra.com, Gujarat",akhtar
mysore cabs,2010,3,"#713/A, Shop no 1,3rd main 5th cross Kesare,  R.S Naidunagar , Mysuru-07, karnataka",devi travels
Gorakhpur Taxi Service,2015,50,"Address: H. No-524A Syndicate Bank Street Geeta Vatika Shahpur, Gorakhpur, Uttar Pradesh 273006, UP",Shubham Verma
MusafirCabs,2016,40,"A Block, Flat Number -1106, 11th Floor, Saraswati Complex, Gomti Nagar, Lucknow – 226010, Uttar Pradesh",Parul kumari
Mayilai Abi Cabs- Mayiladuthurai Travels,1999,4,"14,Lalithaparameswari Nagar,, KK nagar, Tamilnadu",07358822449
devitravels,2016,3,"#713/A, Shop no 1,3rd main 5th cross Kesare,  R.S Naidunagar , Mysuru-07, Karnataka",devi travels
Tripeur,2015,20,"#205, SA Arcade, 4th Floor, 24th Main, JP Nagar 5th Phase, Bengaluru – 560078, Karnataka, India., Karnataka",09845101570
devi travels,2017,5,"#713/A, Shop no 1,3rd main 5th cross Kesare,  R.S Naidunagar , Mysuru-07, Karnataka",devi travels
Bharat Taxi,2009,30,"www.bharattaxi.com, Uttar Pradesh",Raj Kishor Kannoujea
Trust Travel & Tours Marine & Corporate Travel Since 1984,2004,25,"Madhuban Building, 23 Cochin Street, 323 S.B.S. Road, Fort, Mumbai – 400001., Maharashtra",TRUST N TRAVEL
Orange Tours and Travels,2011,500,"Plot No : 132, Near Suchitra Bus Stop,Suchitra, Jeedimetla Village Hyderabad, Telangana, Pin: 500055, Telangana",Sri M.Sunil kumar
"River Rafting in Rishikesh, adventure camps, River Rafting Packages",2004,25,"NH 58, NIM Beach Road Tapovan, Near Hotel Narayana Palace.249201, JAMMU KASHIMIR",rewildindia
"Chadar Trek, Frozen River Trek, Zanskar Trek & Winter Treks India",2004,5,"Nh 58,nim Beach Road Tapovan, Near Hotel Narayana Palace. Uttarakhand 249137, JAMMU KASHIMIR",mychadartrek
Book the Journey,2017,4,"189, Dda Flat, Pocket-9, Nasirpur, Sector-1a, Dwarka, DELHI",RP Singh
Sv Cabs,2000,10,"#82/7A 4th cross SBM Colony Mathikere Bangalore, Karnataka",Venkatesh
India Tourist Taxi Car Rental Service,2016,50,"132B/28, First Floor Anant Raj Plaza Near Bank of Baroda, Civil Lines,, Allahabad, Uttar Pradesh 211001, Uttar Pradesh",Shubham Verma
ziphop,2014,60,"1st Block, Kormangala, http://www.ziphop.in/, Karnataka",ziphop
India Tourist Taxi,2016,2016,"132B/28, First Floor Anant Raj Plaza Near Bank of Baroda, Civil Lines,, Allahabad, Uttar Pradesh 211001, UP",Shubham Verma
Ahilya Car Rental,2000,20,"141 Suyash Vihar B/H Hotel Fortune Landmark Vijay Nagar, Madhya pradesh",Ahilya Car Rental
cloud18holidays,2000,50,"Kamal Bhawan, Sindhu Nagar, Krishna Nagar, Alambagh, Near Shasho Veer Mandir, Lucknow- India, Uttar Pradesh",cloud 18
PrivateHolidays,2014,20,"No. 3 Domlur Service Road, Karnataka",PrivateHolidays
comfortcarz,2014,15,"Off No. 6A, 2nd Floor, Surya Garden,, Peelamedu, Coimbatore, Tamil Nadu 641004, Tamil Nadu",comfortcars
Groupfarez,2017,20,"# 376 | 3rd Floor | Aggarwal Cyber Plaza-II NSP | Pitampura, New Delhi",Group Farez
Tixilo Travel Pvt ltd,2014,5,"60 Karni Nagar Basni 1st, Rajasthan",Yashdeep
Jeremiah Holiday,2017,2018,"Near 1st Class Judicial Magistrate Court,TMV Tower,Angamaly, Kerala > Ernakulum",Soji joesph
Adit Tours,2016,20,"202 Bestech Chambers B Block Sushant Lok 1, Haryana",Amit Thakur
MAMA TRAVELS,2015,10,"CHAPEL ROAD HOUNSLOW, GREATER LONDON",MAMA TRAVELS
AwadhTrip,2016,10,"2nd Floor, S-2/639-2, Varuna Vihar Colony, Sikraul, Varanasi, Uttar Pradesh",Rajeshwar Rao
SHRI BHAKTI TAXI SERVICES,2008,10,"4, shree satya society, near over bridge, Chandlodia Road, Chandlodia, Ahmedabad, Gujarat 380061, Gujarat",Chirag Patel
Dream World Travels in delhi,2014,5,"JG -2/771-C, Near CRPF Camp, Vikas Puri, New Delhi: 110018, Delhi",+919599135952
welovealmaty,2016,100,"Suite 202, Mohta building 4 Bhikaji Cama Place, Delhi",Welovealmaty
Himachal Travel Experts,2014,10,"Rangri-Kanyal Road, Manali, HP, Himachal Pradesh",Himachal Travel Experts
Infinite Journeys,2000,10,"103, Mahadkar Chambers, Karve Road, Above Papa John's Pizza, Kothrud, Jhala Co-Op Housing Society Kothrud,, maharastra",Infinite Journeys
Awadh Trip,2016,8,"2nd Floor, S-2/639-2, Varuna Vihar Colony, Sikrail, Varanasi, Uttar Pradesh",Swarnlata
Visvas India,2015,50,"No: 205, Mezzanine Floor, JSA Towers, Double Road, Indiranagar 1st Stage,, Karnataka",Shivakumar Balakrishnan
Honeydew Travel,2010,15,"""H 903, Roystonea Building, Near Seasons Mall, Magarpatta City, Hadapsar, Pune"", Maharashtra",Mangesh Gujar
Tirupathi SHRI BALAJI TRAVELS,2013,12,"No.12, Thangal Street, Virugambakkam, Near Koyambedu, Chennai - 600 092., Tamilnadu",09884094210
Shraddha Rent A Car,2000,10,"66 ratanlok colony vijay nagar indore, madhya pradesh",Mr. Santosh
funseasonal tours and travels,2015,50,"faridabad, Haryana",anshika gupta
Manali to Delhi taxi service,2000,200,"Bestway Cabs Services PVT LTD ,SCO No 1072-73,Cabin No 8, Sector 22-B, Chandigarh",Bestway Cabs
KTC India Pvt Ltd,1943,50,"RZ-A/96, Road No.6, Street No.9, Mahipalpur Extension, Delhi",KTC India
Mehra Tour & Travels,2008,10,"Plot no 3036, Chandigarh",Jatin kumar
Krishna Krishna Travels,2015,4,"Shop No. 27, Ganga Puri Road, Opp Durga Mandir, Panipat, Haryana",Rohit Makhija
eKashmir Tourism,2005,10,"C-257, Peeragarhi, Paschim Vihar, Delhi",eKashmir Tourism
Vacation Trip India,2015,10,"B-90, Ground Floor,Amba Mata Scheme,, Rajasthan",Jitendra
DriversKart – Book your Driver Online,2015,50,"No: ¼, Thiru Swamy Naicker Complex, 2nd floor, OMR, Karapakkam, Tamil Nadu",Srijan Sharma
TravelRoach,2015,10,"Idea Pad, CIIE IIM Ahmedabad,,, Gujarat",Namita Badwal
Nepal Trekking Plan,2014,12,"Baroda House, New Delhi",Hari Shrestha
Shanker Travels,1985,250,"Shop No. 10, 111 A / 6, G.T. Road, Lane Adjacent To Hotel Bliss, Kanpur, Uttar Pradesh 208012, Uttar Pradesh",Aanckur Anshwani
My Taxi India,2008,100,"I-Tech Park, Sector-49, Sohna Road, Gurgaon, Haryana",Anshuman Mihir
Cox & Fox Pvt Ltd,2005,5,"Opposite to Anwer Gardens Poojapura, Trivandrum, Kerala",manu
Yaatree,2010,10,"Rohini Sector 9, Delhi",Yaa Tree
Chalo South Africa,2008,50,"No.11, 4598/12-B, 2nd Floor Gola Cottage, Ansari Road, Darya Ganj, Delhi",Siddharth Jain
KP Travels Pune,2007,75,"Chennai, Tamil Nadu",Pradeep
KP Travels,2011,5,"Omkar Darshan 752/82 Laxminagar, Near Gajanan Maharaj Temple, Parvati Darshan Pune 411009, Maharshtra, India, Maharashtra",KP Travels
InstaDubaiVisa: Dubai UAE Visa Online,2016,30,"Sector 10 Dwarka New Delhi India, New delhi",Ashok
Funseasonal : Travel Agents in Faridabad,2015,25,"E1/63. Sec-11, Near Escort mujesar metro station, FARIDABAD",ANKUSH GUPTA
Buy Forex Online Pvt. Ltd,2012,1000,"Buy Forex Online India Pvt. Limited  Maruthi Complex 1st floor,  #14 Langford Road,  Bangalore - 560027, karnataka",07848034204
Royal Car Rental,2015,50,"141, Suyesh Vihar, B/H Hotel Fortune Landmark, Madhaya Pradesh",Royal Car Rental
Mustang Trek,2015,12,"Baroda House, Delhi",Ramesh Luintel
Funseasonal :  Tour Operators in Faridabad,2015,50,"Sec-7 Near Escort Mujesar, Haryana",Ankush Gupta
Krishan India Tours,2007,8,"Rz H Office Number 164 Nihal Vihar, Nangloi, Delhi",Krishan Kumar
State Express India,2000,300,"1st Floor, Bhanot House,17, Community Centre Gulmohar Enclave Extn., India",State Express
Wander World 360°,2012,10,"S  #26/A, 1st Floor,  Patel Rama Reddy Road, Krishna Reddy Layout, Domlur,, Karnataka",Dinesh
book taxi service in dehradun,2012,20,"dehradun,uttarakhand-248001, uttarakhand",sayed khan
jukasoganges,1967,100,"CK/14, Patni Tola Chowk, Between Mehta Hospital & Bhosle Ghat, Nearest Landmark; Manikarnika Ghat, Varanasi Uttar Pradesh 221010 INDIA, Uttar Pardesh",jukasoganges
Cab Me,2015,25,"217/218, Annapoorneshwari layout, Ullal cross,, Ullal upanagar,, karnataka",Reddy Simha
Nepal Eco Adventure Pvt. Ltd.,2009,31,"Satghumti, Thamel, kathmandu, Nepal, Bagmati",Hari Dangol
QiK Stay,2015,50,"F-301/A, Lado Sarai, Near Choudary Prem Singh Residence, New Delhi, Delhi 110030, New Delhi",Priyanka
Tempo Traveller Rental,2010,20,"140, 1rd Floor, Vardhmana Complex, Opp. Police Station, Pahar Ganj, Delhi",Mukesh
Base Camp Adventure Treks and Expedition,1999,31,"Trivedi Marg, Bagmati",Raju Maharjan
VisaShopee,2016,100,"H-1/209 Second Floor Garg Tower, Netaji Subhash Place, New Delhi",Harsh tyagi
Atlantic Cab,2016,50,"107 Sai Ram Plaza, First Floor 63 Mangal Nagar Bhanwarkuwa, Madhya Pradesh",Atlantic Cab
Orissa Trip,2016,2,"Prangan by Mango Hotels 692, Cuttack Road, Near Budheswari Temple, Orissa",Orissa Trip
Cabto,2016,50,"819/h , 2nd floor, 3rd block, 1st stage, 80 Feet Road, HBR Layout, Bangalore, Karnataka",Syed Hidayath
Cool Cabs,2016,15,"Shop No. 3, Shastri Nagar, Bhaji Wadi, Near Hotel Sahara Star Near Neeta Travels, Vile Parle, Mumbai, Maharashtra, maharashtra",Ashok Musle
State Express,2010,50,"1st Floor, Bhanot House,17, Community Centre,Gulmohar Enclave Extn., Delhi",State Express
Nepal Trekking Planner,2001,21,"Baroda House, Delhi",Dipak Lamichhane
Mercury Tour Operator,2015,10,"207/171, B.T Road, Baranagar Kolkata: 700036, West Bengal",Sumanta Basu
India Tourist Visa On Arrival,2015,32,"Sector 10 Dwarka New Delhi India 110075, New Delhi",Ashok
AONE TRIPS,2000,30,"C-22 Nangal Dewat, Vasant Kunj,, Punjab",Jaiveer Tomar
Travel roots,2000,1500,"Dharamshala, District Kangra, Himachal Pradesh - 176215, Himachal Pradesh",Sunny thakur
Annapurna Sanctuary Trek,1999,16,"Baroda House, Delhi",Himalayan Travels
Sharda Travels,1990,10,"Police Colony, Officers Quarters, Fatima Nagar, Maharashtra",Sharda Travels
kewal tour and travel,2006,20,"B-306, Rewa Complex, Sanjay Park, Sr. No. 230/B, New Airport Road, Viman Nagar, Pune-411032., Maharashtra",Kewal Tour and Travel
Punnami Tours & Travels,2008,5,"Pushkar Ghat, Sivalingam, Near Tanishq Gold Showroom, Muncipal Complex, Shop No.5, Rajahmundry., Andhra pradesh",Gopala Krishna
Fly Rail Tour & Travels,2005,100,"Near Hotel Crystal, Hari market, Jammu -180001., Jammu",Fly Rail Tour & Travels
Kissan Travels,1984,9,"Shop No.11,15 Goal Bagh Opp:-Railway Station Amritsar, Punjab",Tarwinder singh
Le lagoon Holidays,1988,55,"Metro Palace Building North Railway Station Road Ernakulam,  Kochi - 18 Kerala, India, Kerala",Le lagoon Holidays
Himalayan Travelogue,1990,20,"House No. 118/c , Mahavir Ghati,, Himachal Pradesh",Himalayan Travelogue
Evergreen Adventures and Consultancies,2015,50,"C-Block/G-3, Satluz Apartment, Opposite Candle wick school, Sector-2, Vidyadhar Nagar, Jaipur, Rajasthan",Evergreen Adventures
Wildrift Adventures,1993,50,"D-29, Freedom Fighter Enclave, Neb Sarai, New Dehli",wildrift
Trekking in Manaslu Region of Nepal,2016,16,"Baroda House, Delhi",Nepal mountain trekkers
Tour Europa,2008,0,"58, Subbiah Salai, Puducherry",Tour Europa
Citymate,2013,150,"CBIBUSStop  near hebbal, karnataka",ramesh
CCCabs,2000,25,"Marathahalli, karnataka",Akmal
Tsum valley trek,11,16,"Baroda House, Delhi",Ramesh Nepal
ODBUS,2015,8,"Plot No-1245, New Bomikal, Canal Road, Odisha",Dinesh Das
white feather cbas,2000,10,"F-210 C, Old M B Road, Lado Sarai, New Delhi, new Delhi",Rajiv Kohli
ARK Enterprises Travel Agency,1990,10,"Office.:38,39,55 Grounf Floor Twin City Complex Behind M.J Market Hyd-500001 Telangana, Telangana",Imran Mirza
Sarkar Tourism,2013,4,"Housing complex, Near Sbi ATM, Hill Cart Rd, Siliguri, West Bengal 734001, West Bengal",Mridul Sarkar
AJ TRAVELS PVT LTD,2010,100,"SCO 9 Silver City Extension, Zirakpur, Chandigarh, Punjab 140603, India, Chandigarh",FlywithAJ Travels
greencarindia csr,2012,10,"udyaog vihar, haryana",rajiv arora
Manaslu circuit trek,1995,11,"Delhi, Delhi",Hari Shrestha
Jennifer Tours,2001,1990,"28-A, Karoli Bagh,Gopalpura Byepass Road, Jaipur,, Rajasthan",Jarold Daniel
Gagan Taxi Service,2000,10,"Booth No. 27, Shiva Market, Sector 40 D, Chandigarh",Gagandeep Singh
BuddyCab Taxi Rental Pvt Ltd,2015,100,"Raheja Towers, 10th Floor, West Wing,  M.G Road, Bengaluru, Karnataka",Bala Krishnan
sliptotrip,2013,100,"Sliptotrip, Bapuji Nagar- 146, TC-08-1719,, Pongumoodu, Thiruvananthapuram,",ward bond
Bonnybull Travels,2014,9,"6, Saint.David road, Preston,  Lancashire, London,  UK, London",Jo Joseph
Designer Indya,2009,100,"405, 3rd Eye Two, CG Road, Opposite Parimal Garden, Gujarat",Jaal Shah
Fox Travels,2006,36,"324 D Subbaiah Road Chamaraja Mohalla, Karnataka",Lokesha M B
Swati Holidays Travel Agency Pune,2011,2,"Shop No.15, Ground Floor, MangalMurti Complex, Opp.Union Bank of India, Shukrawar Peth, Near Hirabaug Chowk, Tilak Road., Pune .411002, Maharashtra",Swati Holidays
GOGOI TOURS AND TRAVELS,2011,11,"GOGOI TOURS AND TRAVELS GOGOI COMPLEX NEAR C.P.I OFFICE STATION CHARALI SIVASAGAR ASSAM, ASSAM",Gitartha Gogoi
Feel Adventures,2014,4,"OPP. KIIT College Of Engg. Maruti Kunj, Shona Road, Bhondsi. Gurgaon, Haryana, Haryana",AMIT
Euro Asia Tours and Travels,1995,11,"Delhi, Delhi",Ramesh Luinetl
passportseva&co;.,2004,104,"B 248 Chattarpur Enclave Phase 2, Delhi",Deepak Singh
Alexa Travel Mart,2013,30,"A - 5/30, Upper Ground Floor, Street Side, Patel Nagar,  New Delhi., DELHI",alexatravelmart
Icicles Adventure Treks and Tours,2014,11,"Baroda House, New Delhii",Hari Shrestha
CITY TAXI TO CHAMUNDI HILLS,2007,5,"Smartway travels Mysore, karntaka",shikha
MYSORE CABS TO WAYNAD,2007,5,"Smartway travels Mysore, karntaka",shikha
KARNATAKA HERITAGE TOURS SMARTWAY TRAVELS,2007,5,"Smartway travels Mysore, karntaka",shikha
PILIGRIMAGE TOURS SMARTWAY TRAVELS,2007,5,"Smartway travels Mysore, karntaka",shikha
TOUR PACKAGES IN MYSORE SMARTWAY TRAVELS,2007,5,"Smartway travels Mysore, karntaka",shikha
cab hire mysore smartway travels,2007,5,"Smartway travels Mysore, karntaka",shikha
CAR HIRE MYSORE SMARTWAY TRAVELS,2007,5,"Smartway travels Mysore, karntaka",shikha
MYSORE CITY CABS SMARTWAY TRAVELS,2007,5,"Smartway travels Mysore, karntaka",shikha
TAXI SERVICES IN MYSORE TRAVELS,2007,5,"Smartway travels Mysore, karntaka",shikha
travels in mysore smartway travels,2007,5,"Smartway travels Mysore, karntaka",shikha
Rent A Car Mysore Smartway Travels,2007,5,"#1065,3rd Stage Kesare R.S.Naidunagar Mysore, karntaka",shikha
Smart Way Travels Mysore,2007,5,"#1065,3rd Stage Kesare R.S.Naidunagar Mysore, Karnataka",Shikha
Outshine Adventure Trekking,,,"Delhi, Delhi",Gokul Sapkota
Ganpati Tour and Travels,,,"H No. Street No.1, New Azad Nagar, Sultanwind Road,, Punjab",Ganpati Travels
Maya Overseas Placement,,,"hadapsar pune, Maharashtra",Javed
Carzonrent India Pvt. Ltd,,,"9th Floor, Videocon Towers, Jhandewalan Extension,, New Delhi",Myles
Rudraksh Holidays,,,"A-606 Ansal Chamber-1 Bhikaji Cama Place New Delhi -110066 Ph + 91-11-46150718, 26198701, 26198702, Delhi",Manoj Sharma
travel agent in sirsa,,,"/14-2, Shiv Chowk, Near Bikaner Nursing Home, ITI Road, Sirsa., haryana",etihad travel
Travelauto India Private Limited,,,"204, II Floor, Shangrila Plaza, Plot No. 14, Road No.2, Banjara Hills, Hyderabad, Andhra Pradesh",Travel Auto
bhagat associate,,,"bhagat associate, Punjab",07508094775
Smart Way Travels Mysore Taxi Service 9449339033,,,"Smartway travels Mysore, karntaka",shikha
Utsav Rock Garden,,,"NH4, Gotgodi, Karnataka",ganghadhar
Casa Legend,,,"Casa Legend, Ximer, Arpora, Bardez, Goa",goavillaholidays
Head Out Now Travels Pvt. Ltd.,,,"238, Udyog Vihar, Phase IV, Haryana",Rajat Kamboj
Travel 2000,,,"13, Mohan Singh Place, Connaught Place, New Delhi, New Delhi",Amandeep
PNM Services Pvt Ltd.,,,"A-32/70, Rama Road, Industrial Area, Moti Nagar, New Delhi, Delhi",Nitin Kumar
buswale,,,"sai sadan complex, opp. sitara grand hotel, lb nagar, andhra pradesh",vasudevreddy
Chandys Windy Woods Resort in Munnar,,,"Meencut, Chittirapuram P.O Munnar - 685 565 Kerala, India., Kerala",chandys windy woods
Chisholm Apartments,,,"Chisholm Apartments, DLF City, Haryana",gurgaonapartment
Bhawani Travel Solutions Pvt. Ltd,,,"F-6, First Floor, Sriji Majestic Complex, Omni Bus Terminus, Koyembedu, Chennai-600107, Tamilnadu",Buspapa
The Holiday Makers,,,"110 Chitti Towar, Nakodar Chowk, Jalandhar, Punjab",Sant Prakash Singh
TheLegend Inn,,,"E-4 East Of Kailash, Haryana",thelegendinn
IndianHomeStays.org,,,"502, Pace City, Sector 37, Haryana",sanjaysaxena
India Tourism Development Corporation Ltd,,,"Core 8, 6th Floor 7, Scope Complex, Lodi Road, Lodi Road, New Delhi, Delhi 110003, Delhi",Shashank
Himanshu Cab Solutions,,,"SCO-165 2nd Floor, Commercial Center Vyapar Sadan Opp. Govt. Girls College M.G Road Sector-14, Haryana",Mr.Parmod Kumar
Travelindiaprofessionals,,,"6E Central Market, Ashok Vihar, Delhi 110052, INDIA, Delhi",Travel India Professionals
Visa Australia Immigration,,,"Unit No-28, Tribhuvan Complex, Mathura Road, Ishwar Nagar, New Friends Colony, New Delhi",Mark Smith
Carzonrent India Pvt. Ltd.,,,"9th Floor, Videocon Towers, Jhandewalan Extension,, Delhi",Rahul Sharma
India Travel services,,,"New Delhi, New Delhi",Om Prakash Verma
Jaipur Jodhpur Udaipur Tour,,,"New Delhi, New Delhi",Om Prakash Verma
Trawex Technologies,,,"royal palm layout, Karnataka > Bangalore Urban",shoba
Palavelli Resorts,,,"Palavelli resorts pvt. ltd, andhra pradesh",palavelliresort
runbus.in,,,"E-42, Madhu Vihar, Delhi,",9811123839
bookajourney.com,,,"Plot No:1, Khasra. 262, Westend Marg M.B. Road (Near Garden of five senses) Saidulazaib( Near Saket) New Delhi New Delhi 110030, New Delhi",Deepak
runbus,,,"E-42, Madhu Vihar, Delhi-92",Pravin kumar Gupta
Axiscabs Car Rental Service,,,"B-202,Megacenter,Solapur Road, Hadapsar,Pune - 411041, Maharashtra",Santosh Sharma
MM TRAVELS IN AMRITSAR,,,"majitha road, amritsar, punjab",happy
shri mani mahesh travels,,,"majitha road, amritsar, punjab",gouav
Car rental services : Antaeusindia.com,,,"101, ShirinTower, Shraddhanand Road,, Vile Parle (East), Mumbai 400057.",Antaeus Car
swostipremium.com,,,"P-1 Jaydev Vihar Bhubaneswar, Orissa, Odisha",swostipremium
"Devi Travels, Mysore",,,"Mysore, Karnataka, India, Karnataka",Mysore Devi Travels
South India Holiday Tour Packages at 25% Offer. Choose your package now !,,,"sanganoor ,  coimbatore, Tamil nadu",uma mageshwari
Dayal Regency,,,"Dayal Regency Sushantlok, Near Sushant Arcade Gurgaon-122002, Haryana",Dayal Regency
DPauls Travel and Tours Ltd,,,"B – 36, Ground Floor, Shivalik, Malviya Nagar New Delhi, Delhi",pauls
KALITA TOURS AND TRAVELS,,,"Rangia, Bhutan Road, Assam",Bipul Kalita
Travels Dunia,,,"325, first floor, near aapaka bazar, haryana",kapil
Firdous Tours & Travels,,,"City Tower Complex, Khayyam Choke, Srinagar 190001, JAMMU & KASHMIR",Mr. Fayaz Kolu
